,susceptible,infected,removed,vaccinated,population
06.05.2020,83035193.0,5980.0,158827.0,0.0,83200000.0
07.05.2020,83033909.0,5705.0,160386.0,0.0,83200000.0
08.05.2020,83032700.0,5394.0,161906.0,0.0,83200000.0
09.05.2020,83031449.0,5703.0,162848.0,0.0,83200000.0
10.05.2020,83030782.0,5715.0,163503.0,0.0,83200000.0
11.05.2020,83030425.0,5769.0,163806.0,0.0,83200000.0
12.05.2020,83029492.0,5730.0,164778.0,0.0,83200000.0
13.05.2020,83028694.0,5374.0,165932.0,0.0,83200000.0
14.05.2020,83027761.0,5075.0,167164.0,0.0,83200000.0
15.05.2020,83026848.0,4727.0,168425.0,0.0,83200000.0
16.05.2020,83026228.0,4407.0,169365.0,0.0,83200000.0
17.05.2020,83025645.0,4327.0,170028.0,0.0,83200000.0
18.05.2020,83025303.0,4309.0,170388.0,0.0,83200000.0
19.05.2020,83024790.0,4075.0,171135.0,0.0,83200000.0
20.05.2020,83023993.0,4002.0,172005.0,0.0,83200000.0
21.05.2020,83023248.0,3830.0,172922.0,0.0,83200000.0
22.05.2020,83022788.0,3487.0,173725.0,0.0,83200000.0
23.05.2020,83022150.0,3441.0,174409.0,0.0,83200000.0
24.05.2020,83021719.0,3417.0,174864.0,0.0,83200000.0
25.05.2020,83021430.0,3395.0,175175.0,0.0,83200000.0
26.05.2020,83020998.0,3260.0,175742.0,0.0,83200000.0
27.05.2020,83020636.0,2887.0,176477.0,0.0,83200000.0
28.05.2020,83020283.0,2801.0,176916.0,0.0,83200000.0
29.05.2020,83019542.0,2967.0,177491.0,0.0,83200000.0
30.05.2020,83018804.0,2962.0,178234.0,0.0,83200000.0
31.05.2020,83018518.0,2872.0,178610.0,0.0,83200000.0
01.06.2020,83018185.0,2969.0,178846.0,0.0,83200000.0
02.06.2020,83017972.0,2775.0,179253.0,0.0,83200000.0
03.06.2020,83017630.0,2425.0,179945.0,0.0,83200000.0
04.06.2020,83017236.0,2162.0,180602.0,0.0,83200000.0
05.06.2020,83016729.0,2158.0,181113.0,0.0,83200000.0
06.06.2020,83016322.0,2160.0,181518.0,0.0,83200000.0
07.06.2020,83016021.0,2105.0,181874.0,0.0,83200000.0
08.06.2020,83015807.0,2130.0,182063.0,0.0,83200000.0
09.06.2020,83015457.0,2324.0,182219.0,0.0,83200000.0
10.06.2020,83015139.0,2349.0,182512.0,0.0,83200000.0
11.06.2020,83014584.0,2421.0,182995.0,0.0,83200000.0
12.06.2020,83014326.0,2181.0,183493.0,0.0,83200000.0
13.06.2020,83013978.0,2083.0,183939.0,0.0,83200000.0
14.06.2020,83013731.0,2053.0,184216.0,0.0,83200000.0
15.06.2020,83013539.0,2083.0,184378.0,0.0,83200000.0
16.06.2020,83013161.0,2142.0,184697.0,0.0,83200000.0
17.06.2020,83012816.0,2065.0,185119.0,0.0,83200000.0
18.06.2020,83012236.0,2137.0,185627.0,0.0,83200000.0
19.06.2020,83011466.0,2625.0,185909.0,0.0,83200000.0
20.06.2020,83010865.0,2876.0,186259.0,0.0,83200000.0
21.06.2020,83010178.0,3280.0,186542.0,0.0,83200000.0
22.06.2020,83009641.0,3645.0,186714.0,0.0,83200000.0
23.06.2020,83009138.0,3899.0,186963.0,0.0,83200000.0
24.06.2020,83008551.0,3862.0,187587.0,0.0,83200000.0
25.06.2020,83007921.0,3420.0,188659.0,0.0,83200000.0
26.06.2020,83007444.0,3277.0,189279.0,0.0,83200000.0
27.06.2020,83006757.0,3128.0,190115.0,0.0,83200000.0
28.06.2020,83006501.0,2905.0,190594.0,0.0,83200000.0
29.06.2020,83006239.0,2904.0,190857.0,0.0,83200000.0
30.06.2020,83005741.0,2878.0,191381.0,0.0,83200000.0
01.07.2020,83005275.0,2775.0,191950.0,0.0,83200000.0
02.07.2020,83004772.0,2756.0,192472.0,0.0,83200000.0
03.07.2020,83004326.0,2642.0,193032.0,0.0,83200000.0
04.07.2020,83003904.0,2498.0,193598.0,0.0,83200000.0
05.07.2020,83003665.0,2402.0,193933.0,0.0,83200000.0
06.07.2020,83003446.0,2422.0,194132.0,0.0,83200000.0
07.07.2020,83003056.0,2388.0,194556.0,0.0,83200000.0
08.07.2020,83002659.0,2339.0,195002.0,0.0,83200000.0
09.07.2020,83002217.0,2299.0,195484.0,0.0,83200000.0
10.07.2020,83001822.0,2248.0,195930.0,0.0,83200000.0
11.07.2020,83001444.0,2203.0,196353.0,0.0,83200000.0
12.07.2020,83001196.0,2157.0,196647.0,0.0,83200000.0
13.07.2020,83001037.0,2174.0,196789.0,0.0,83200000.0
14.07.2020,83000625.0,2274.0,197101.0,0.0,83200000.0
15.07.2020,83000274.0,2237.0,197489.0,0.0,83200000.0
16.07.2020,82999740.0,2304.0,197956.0,0.0,83200000.0
17.07.2020,82999157.0,2464.0,198379.0,0.0,83200000.0
18.07.2020,82998628.0,2578.0,198794.0,0.0,83200000.0
19.07.2020,82998426.0,2496.0,199078.0,0.0,83200000.0
20.07.2020,82998177.0,2614.0,199209.0,0.0,83200000.0
21.07.2020,82997655.0,2809.0,199536.0,0.0,83200000.0
22.07.2020,82997201.0,2802.0,199997.0,0.0,83200000.0
23.07.2020,82996632.0,2843.0,200525.0,0.0,83200000.0
24.07.2020,82995817.0,3104.0,201079.0,0.0,83200000.0
25.07.2020,82995036.0,3348.0,201616.0,0.0,83200000.0
26.07.2020,82994731.0,3233.0,202036.0,0.0,83200000.0
27.07.2020,82994391.0,3405.0,202204.0,0.0,83200000.0
28.07.2020,82993758.0,3611.0,202631.0,0.0,83200000.0
29.07.2020,82993074.0,3773.0,203153.0,0.0,83200000.0
30.07.2020,82992172.0,3968.0,203860.0,0.0,83200000.0
31.07.2020,82991302.0,4141.0,204557.0,0.0,83200000.0
01.08.2020,82990347.0,4233.0,205420.0,0.0,83200000.0
02.08.2020,82990107.0,4127.0,205766.0,0.0,83200000.0
03.08.2020,82989598.0,4278.0,206124.0,0.0,83200000.0
04.08.2020,82988719.0,4641.0,206640.0,0.0,83200000.0
05.08.2020,82987978.0,4639.0,207383.0,0.0,83200000.0
06.08.2020,82986933.0,4783.0,208284.0,0.0,83200000.0
07.08.2020,82985786.0,5077.0,209137.0,0.0,83200000.0
08.08.2020,82984664.0,5281.0,210055.0,0.0,83200000.0
09.08.2020,82984109.0,5271.0,210620.0,0.0,83200000.0
10.08.2020,82983673.0,5407.0,210920.0,0.0,83200000.0
11.08.2020,82982707.0,5576.0,211717.0,0.0,83200000.0
12.08.2020,82981481.0,5853.0,212666.0,0.0,83200000.0
13.08.2020,82980036.0,6189.0,213775.0,0.0,83200000.0
14.08.2020,82978587.0,6472.0,214941.0,0.0,83200000.0
15.08.2020,82977172.0,6914.0,215914.0,0.0,83200000.0
16.08.2020,82976547.0,6837.0,216616.0,0.0,83200000.0
17.08.2020,82975986.0,7081.0,216933.0,0.0,83200000.0
18.08.2020,82974596.0,7391.0,218013.0,0.0,83200000.0
19.08.2020,82973086.0,7711.0,219203.0,0.0,83200000.0
20.08.2020,82971379.0,7902.0,220719.0,0.0,83200000.0
21.08.2020,82969952.0,7853.0,222195.0,0.0,83200000.0
22.08.2020,82967918.0,8498.0,223584.0,0.0,83200000.0
23.08.2020,82967136.0,8528.0,224336.0,0.0,83200000.0
24.08.2020,82966425.0,8738.0,224837.0,0.0,83200000.0
25.08.2020,82965147.0,8458.0,226395.0,0.0,83200000.0
26.08.2020,82963571.0,8505.0,227924.0,0.0,83200000.0
27.08.2020,82962064.0,8266.0,229670.0,0.0,83200000.0
28.08.2020,82960493.0,8211.0,231296.0,0.0,83200000.0
29.08.2020,82959014.0,8211.0,232775.0,0.0,83200000.0
30.08.2020,82958229.0,7905.0,233866.0,0.0,83200000.0
31.08.2020,82957619.0,7952.0,234429.0,0.0,83200000.0
01.09.2020,82956401.0,7756.0,235843.0,0.0,83200000.0
02.09.2020,82955145.0,7564.0,237291.0,0.0,83200000.0
03.09.2020,82953834.0,7255.0,238911.0,0.0,83200000.0
04.09.2020,82952381.0,7177.0,240442.0,0.0,83200000.0
05.09.2020,82951003.0,7196.0,241801.0,0.0,83200000.0
06.09.2020,82950015.0,7352.0,242633.0,0.0,83200000.0
07.09.2020,82949201.0,7627.0,243172.0,0.0,83200000.0
08.09.2020,82947702.0,7944.0,244354.0,0.0,83200000.0
09.09.2020,82946526.0,7810.0,245664.0,0.0,83200000.0
10.09.2020,82944634.0,8268.0,247098.0,0.0,83200000.0
11.09.2020,82943150.0,8268.0,248582.0,0.0,83200000.0
12.09.2020,82941520.0,8397.0,250083.0,0.0,83200000.0
13.09.2020,82940572.0,8242.0,251186.0,0.0,83200000.0
14.09.2020,82939645.0,8590.0,251765.0,0.0,83200000.0
15.09.2020,82938238.0,8606.0,253156.0,0.0,83200000.0
16.09.2020,82936337.0,9128.0,254535.0,0.0,83200000.0
17.09.2020,82934143.0,9578.0,256279.0,0.0,83200000.0
18.09.2020,82932227.0,9960.0,257813.0,0.0,83200000.0
19.09.2020,82929930.0,10599.0,259471.0,0.0,83200000.0
20.09.2020,82928585.0,10735.0,260680.0,0.0,83200000.0
21.09.2020,82927663.0,10905.0,261432.0,0.0,83200000.0
22.09.2020,82925842.0,11221.0,262937.0,0.0,83200000.0
23.09.2020,82924073.0,11003.0,264924.0,0.0,83200000.0
24.09.2020,82921930.0,10982.0,267088.0,0.0,83200000.0
25.09.2020,82919777.0,10819.0,269404.0,0.0,83200000.0
26.09.2020,82917270.0,11131.0,271599.0,0.0,83200000.0
27.09.2020,82915860.0,11150.0,272990.0,0.0,83200000.0
28.09.2020,82914668.0,11656.0,273676.0,0.0,83200000.0
29.09.2020,82912579.0,12094.0,275327.0,0.0,83200000.0
30.09.2020,82910781.0,12065.0,277154.0,0.0,83200000.0
01.10.2020,82908278.0,12393.0,279329.0,0.0,83200000.0
02.10.2020,82905605.0,12687.0,281708.0,0.0,83200000.0
03.10.2020,82903042.0,12954.0,284004.0,0.0,83200000.0
04.10.2020,82900763.0,13452.0,285785.0,0.0,83200000.0
05.10.2020,82899381.0,13965.0,286654.0,0.0,83200000.0
06.10.2020,82896742.0,14803.0,288455.0,0.0,83200000.0
07.10.2020,82893914.0,15473.0,290613.0,0.0,83200000.0
08.10.2020,82889856.0,16813.0,293331.0,0.0,83200000.0
09.10.2020,82885340.0,18437.0,296223.0,0.0,83200000.0
10.10.2020,82880619.0,20248.0,299133.0,0.0,83200000.0
11.10.2020,82877136.0,21527.0,301337.0,0.0,83200000.0
12.10.2020,82874669.0,22832.0,302499.0,0.0,83200000.0
13.10.2020,82870547.0,24583.0,304870.0,0.0,83200000.0
14.10.2020,82865415.0,26163.0,308422.0,0.0,83200000.0
15.10.2020,82858777.0,28327.0,312896.0,0.0,83200000.0
16.10.2020,82851443.0,30975.0,317582.0,0.0,83200000.0
17.10.2020,82843613.0,33742.0,322645.0,0.0,83200000.0
18.10.2020,82838026.0,35698.0,326276.0,0.0,83200000.0
19.10.2020,82833701.0,37764.0,328535.0,0.0,83200000.0
20.10.2020,82826833.0,40434.0,332733.0,0.0,83200000.0
21.10.2020,82819238.0,42689.0,338073.0,0.0,83200000.0
22.10.2020,82807951.0,46771.0,345278.0,0.0,83200000.0
23.10.2020,82796709.0,50123.0,353168.0,0.0,83200000.0
24.10.2020,82781995.0,56866.0,361139.0,0.0,83200000.0
25.10.2020,82770819.0,62329.0,366852.0,0.0,83200000.0
26.10.2020,82762134.0,67320.0,370546.0,0.0,83200000.0
27.10.2020,82750725.0,72320.0,376955.0,0.0,83200000.0
28.10.2020,82735761.0,77866.0,386373.0,0.0,83200000.0
29.10.2020,82718987.0,82322.0,398691.0,0.0,83200000.0
30.10.2020,82700306.0,87215.0,412479.0,0.0,83200000.0
31.10.2020,82681247.0,92250.0,426503.0,0.0,83200000.0
01.11.2020,82667070.0,95312.0,437618.0,0.0,83200000.0
02.11.2020,82654973.0,99873.0,445154.0,0.0,83200000.0
03.11.2020,82639621.0,103273.0,457106.0,0.0,83200000.0
04.11.2020,82622407.0,104606.0,472987.0,0.0,83200000.0
05.11.2020,82602417.0,105442.0,492141.0,0.0,83200000.0
06.11.2020,82580911.0,107030.0,512059.0,0.0,83200000.0
07.11.2020,82557512.0,110874.0,531614.0,0.0,83200000.0
08.11.2020,82541495.0,112786.0,545719.0,0.0,83200000.0
09.11.2020,82528132.0,115566.0,556302.0,0.0,83200000.0
10.11.2020,82512800.0,115668.0,571532.0,0.0,83200000.0
11.11.2020,82494313.0,114881.0,590806.0,0.0,83200000.0
12.11.2020,82472447.0,115519.0,612034.0,0.0,83200000.0
13.11.2020,82448905.0,116770.0,634325.0,0.0,83200000.0
14.11.2020,82426444.0,117549.0,656007.0,0.0,83200000.0
15.11.2020,82409497.0,118550.0,671953.0,0.0,83200000.0
16.11.2020,82398673.0,119170.0,682157.0,0.0,83200000.0
17.11.2020,82384254.0,117596.0,698150.0,0.0,83200000.0
18.11.2020,82366693.0,115518.0,717789.0,0.0,83200000.0
19.11.2020,82344084.0,115532.0,740384.0,0.0,83200000.0
20.11.2020,82320436.0,115585.0,763979.0,0.0,83200000.0
21.11.2020,82297472.0,117128.0,785400.0,0.0,83200000.0
22.11.2020,82281731.0,117011.0,801258.0,0.0,83200000.0
23.11.2020,82270867.0,118988.0,810145.0,0.0,83200000.0
24.11.2020,82257313.0,117938.0,824749.0,0.0,83200000.0
25.11.2020,82238680.0,116097.0,845223.0,0.0,83200000.0
26.11.2020,82216412.0,114596.0,868992.0,0.0,83200000.0
27.11.2020,82193606.0,113507.0,892887.0,0.0,83200000.0
28.11.2020,82171911.0,112986.0,915103.0,0.0,83200000.0
29.11.2020,82157300.0,112724.0,929976.0,0.0,83200000.0
30.11.2020,82146131.0,115082.0,938787.0,0.0,83200000.0
01.12.2020,82132527.0,113568.0,953905.0,0.0,83200000.0
02.12.2020,82115257.0,111468.0,973275.0,0.0,83200000.0
03.12.2020,82093211.0,111407.0,995382.0,0.0,83200000.0
04.12.2020,82069762.0,111984.0,1018254.0,0.0,83200000.0
05.12.2020,82046444.0,115121.0,1038435.0,0.0,83200000.0
06.12.2020,82028677.0,117880.0,1053443.0,0.0,83200000.0
07.12.2020,82016345.0,121347.0,1062308.0,0.0,83200000.0
08.12.2020,82002291.0,122177.0,1075532.0,0.0,83200000.0
09.12.2020,81981476.0,123793.0,1094731.0,0.0,83200000.0
10.12.2020,81957797.0,124271.0,1117932.0,0.0,83200000.0
11.12.2020,81927922.0,129741.0,1142337.0,0.0,83200000.0
12.12.2020,81899484.0,135944.0,1164572.0,0.0,83200000.0
13.12.2020,81879284.0,140383.0,1180333.0,0.0,83200000.0
14.12.2020,81862922.0,146451.0,1190627.0,0.0,83200000.0
15.12.2020,81848490.0,144485.0,1207025.0,0.0,83200000.0
16.12.2020,81820762.0,149551.0,1229687.0,0.0,83200000.0
17.12.2020,81793839.0,149060.0,1257101.0,0.0,83200000.0
18.12.2020,81760062.0,153714.0,1286224.0,0.0,83200000.0
19.12.2020,81728762.0,157696.0,1313542.0,0.0,83200000.0
20.12.2020,81705991.0,159835.0,1334174.0,0.0,83200000.0
21.12.2020,81689348.0,163912.0,1346740.0,0.0,83200000.0
22.12.2020,81669820.0,164378.0,1365802.0,0.0,83200000.0
23.12.2020,81645080.0,162256.0,1392664.0,0.0,83200000.0
24.12.2020,81612885.0,163186.0,1423929.0,0.0,83200000.0
25.12.2020,81587352.0,157022.0,1455626.0,0.0,83200000.0
26.12.2020,81572897.0,142003.0,1485100.0,0.0,83200000.0
27.12.2020,81559142.0,134142.0,1506716.0,0.0,83200000.0
28.12.2020,81548166.0,131197.0,1520637.0,0.0,83200000.0
29.12.2020,81535274.0,124095.0,1540631.0,0.0,83200000.0
30.12.2020,81512815.0,117551.0,1569634.0,0.0,83200000.0
31.12.2020,81480263.0,116257.0,1603480.0,0.0,83200000.0
01.01.2021,81457339.0,117974.0,1624687.0,0.0,83200000.0
02.01.2021,81444649.0,117459.0,1637892.0,0.0,83200000.0
03.01.2021,81434334.0,116094.0,1649572.0,0.0,83200000.0
04.01.2021,81424487.0,115894.0,1659619.0,0.0,83200000.0
05.01.2021,81412590.0,112002.0,1675408.0,0.0,83200000.0
06.01.2021,81391353.0,105867.0,1702780.0,0.0,83200000.0
07.01.2021,81364962.0,101319.0,1733719.0,0.0,83200000.0
08.01.2021,81333113.0,113555.0,1753332.0,0.0,83200000.0
09.01.2021,81308419.0,127975.0,1763606.0,0.0,83200000.0
10.01.2021,81291473.0,134879.0,1773648.0,0.0,83200000.0
11.01.2021,81278976.0,138516.0,1782508.0,0.0,83200000.0
12.01.2021,81266174.0,136788.0,1797038.0,0.0,83200000.0
13.01.2021,81246574.0,128873.0,1824553.0,0.0,83200000.0
14.01.2021,81221410.0,125747.0,1852843.0,0.0,83200000.0
15.01.2021,81199042.0,121521.0,1879437.0,921.0,83200000.0
16.01.2021,81180364.0,115800.0,1903836.0,2144.0,83200000.0
17.01.2021,81166482.0,113119.0,1920399.0,19160.0,83200000.0
18.01.2021,81159341.0,111785.0,1928874.0,34794.0,83200000.0
19.01.2021,81147972.0,109365.0,1942663.0,70787.0,83200000.0
20.01.2021,81131998.0,102704.0,1965298.0,124648.0,83200000.0
21.01.2021,81111600.0,98946.0,1989454.0,165562.0,83200000.0
22.01.2021,81093738.0,95908.0,2010354.0,199145.0,83200000.0
23.01.2021,81077321.0,93672.0,2029007.0,245662.0,83200000.0
24.01.2021,81065064.0,92427.0,2042509.0,267792.0,83200000.0
25.01.2021,81058335.0,92457.0,2049208.0,306521.0,83200000.0
26.01.2021,81051923.0,89509.0,2058568.0,354251.0,83200000.0
27.01.2021,81038725.0,92458.0,2068817.0,412738.0,83200000.0
28.01.2021,81021172.0,81627.0,2097201.0,458468.0,83200000.0
29.01.2021,81007150.0,78481.0,2114369.0,516399.0,83200000.0
30.01.2021,80994829.0,75567.0,2129604.0,569886.0,83200000.0
31.01.2021,80983637.0,75030.0,2141333.0,601346.0,83200000.0
01.02.2021,80978029.0,75585.0,2146386.0,663474.0,83200000.0
02.02.2021,80971915.0,74869.0,2153216.0,730779.0,83200000.0
03.02.2021,80962210.0,68955.0,2168835.0,829208.0,83200000.0
04.02.2021,80947999.0,67119.0,2184882.0,901712.0,83200000.0
05.02.2021,80935091.0,66466.0,2198443.0,979908.0,83200000.0
06.02.2021,80924606.0,64326.0,2211068.0,1028504.0,83200000.0
07.02.2021,80915990.0,62895.0,2221115.0,1053782.0,83200000.0
08.02.2021,80911455.0,63209.0,2225336.0,1110250.0,83200000.0
09.02.2021,80908076.0,60577.0,2231347.0,1184756.0,83200000.0
10.02.2021,80900004.0,56547.0,2243449.0,1262501.0,83200000.0
11.02.2021,80889767.0,53380.0,2256853.0,1331537.0,83200000.0
12.02.2021,80879907.0,51696.0,2268397.0,1407522.0,83200000.0
13.02.2021,80871553.0,50008.0,2278439.0,1453351.0,83200000.0
14.02.2021,80865439.0,47715.0,2286846.0,1479186.0,83200000.0
15.02.2021,80861013.0,49018.0,2289969.0,1534876.0,83200000.0
16.02.2021,80857157.0,48794.0,2294049.0,1591446.0,83200000.0
17.02.2021,80849601.0,47436.0,2302963.0,1647936.0,83200000.0
18.02.2021,80839394.0,47525.0,2313081.0,1701288.0,83200000.0
19.02.2021,80830281.0,47266.0,2322453.0,1757230.0,83200000.0
20.02.2021,80821117.0,48042.0,2330841.0,1793576.0,83200000.0
21.02.2021,80813441.0,50086.0,2336473.0,1821892.0,83200000.0
22.02.2021,80809072.0,50691.0,2340237.0,1880277.0,83200000.0
23.02.2021,80805189.0,50302.0,2344509.0,1940873.0,83200000.0
24.02.2021,80797182.0,49295.0,2353523.0,2000390.0,83200000.0
25.02.2021,80785313.0,51275.0,2363412.0,2059795.0,83200000.0
26.02.2021,80775316.0,52034.0,2372650.0,2127456.0,83200000.0
27.02.2021,80765554.0,53048.0,2381398.0,2167274.0,83200000.0
28.02.2021,80757664.0,53092.0,2389244.0,2191484.0,83200000.0
01.03.2021,80752932.0,54716.0,2392352.0,2241523.0,83200000.0
02.03.2021,80748989.0,54373.0,2396638.0,2293796.0,83200000.0
03.03.2021,80739970.0,53211.0,2406819.0,2364607.0,83200000.0
04.03.2021,80728058.0,53770.0,2418172.0,2427960.0,83200000.0
05.03.2021,80717478.0,54426.0,2428096.0,2495397.0,83200000.0
06.03.2021,80707921.0,54568.0,2437511.0,2544144.0,83200000.0
07.03.2021,80699818.0,54982.0,2445200.0,2577682.0,83200000.0
08.03.2021,80694807.0,56518.0,2448675.0,2629560.0,83200000.0
09.03.2021,80690555.0,56170.0,2453275.0,2684530.0,83200000.0
10.03.2021,80681409.0,54395.0,2464196.0,2752011.0,83200000.0
11.03.2021,80667053.0,57499.0,2475448.0,2812992.0,83200000.0
12.03.2021,80654219.0,60196.0,2485585.0,2884144.0,83200000.0
13.03.2021,80641545.0,63265.0,2495190.0,2934542.0,83200000.0
14.03.2021,80630755.0,65746.0,2503499.0,2970244.0,83200000.0
15.03.2021,80624151.0,68972.0,2506877.0,3029569.0,83200000.0
16.03.2021,80618671.0,69621.0,2511708.0,3097905.0,83200000.0
17.03.2021,80605236.0,71669.0,2523095.0,3179090.0,83200000.0
18.03.2021,80587732.0,75165.0,2537103.0,3254912.0,83200000.0
19.03.2021,80570250.0,79476.0,2550274.0,3339586.0,83200000.0
20.03.2021,80554217.0,83121.0,2562662.0,3392992.0,83200000.0
21.03.2021,80540484.0,86372.0,2573144.0,3431322.0,83200000.0
22.03.2021,80532775.0,89207.0,2578018.0,3508057.0,83200000.0
23.03.2021,80525290.0,89907.0,2584803.0,3592459.0,83200000.0
24.03.2021,80509477.0,89940.0,2600583.0,3682152.0,83200000.0
25.03.2021,80486820.0,94252.0,2618928.0,3763539.0,83200000.0
26.03.2021,80465247.0,99072.0,2635681.0,3852612.0,83200000.0
27.03.2021,80444775.0,103879.0,2651346.0,3915106.0,83200000.0
28.03.2021,80427599.0,107890.0,2664511.0,3968447.0,83200000.0
29.03.2021,80417727.0,111769.0,2670504.0,4057443.0,83200000.0
30.03.2021,80408178.0,112482.0,2679340.0,4150397.0,83200000.0
31.03.2021,80391127.0,110039.0,2698834.0,4252346.0,83200000.0
01.04.2021,80366827.0,111580.0,2721593.0,4343643.0,83200000.0
02.04.2021,80344939.0,111468.0,2743593.0,4411772.0,83200000.0
03.04.2021,80326810.0,109277.0,2763913.0,4476461.0,83200000.0
04.04.2021,80314614.0,105651.0,2779735.0,4527058.0,83200000.0
05.04.2021,80306117.0,106418.0,2787465.0,4597479.0,83200000.0
06.04.2021,80299232.0,102283.0,2798485.0,4692394.0,83200000.0
07.04.2021,80289555.0,91539.0,2818906.0,4788952.0,83200000.0
08.04.2021,80269148.0,87928.0,2842924.0,4876872.0,83200000.0
09.04.2021,80243684.0,91837.0,2864479.0,4966035.0,83200000.0
10.04.2021,80219587.0,100310.0,2880103.0,5031194.0,83200000.0
11.04.2021,80201732.0,107424.0,2890844.0,5081620.0,83200000.0
12.04.2021,80188487.0,113455.0,2898058.0,5158118.0,83200000.0
13.04.2021,80177677.0,117206.0,2905117.0,5231927.0,83200000.0
14.04.2021,80155984.0,127424.0,2916592.0,5315320.0,83200000.0
15.04.2021,80126558.0,133162.0,2940280.0,5385680.0,83200000.0
16.04.2021,80100727.0,133180.0,2966093.0,5460101.0,83200000.0
17.04.2021,80076923.0,133628.0,2989449.0,5516827.0,83200000.0
18.04.2021,80057738.0,134984.0,3007278.0,5555918.0,83200000.0
19.04.2021,80046301.0,137466.0,3016233.0,5617494.0,83200000.0
20.04.2021,80036692.0,135033.0,3028275.0,5680454.0,83200000.0
21.04.2021,80011808.0,133165.0,3055027.0,5753910.0,83200000.0
22.04.2021,79982290.0,134007.0,3083703.0,5821340.0,83200000.0
23.04.2021,79954747.0,136431.0,3108822.0,5890612.0,83200000.0
24.04.2021,79931355.0,136725.0,3131920.0,5949784.0,83200000.0
25.04.2021,79912582.0,137762.0,3149656.0,5998978.0,83200000.0
26.04.2021,79900675.0,140783.0,3158542.0,6073124.0,83200000.0
27.04.2021,79889699.0,139354.0,3170947.0,6164825.0,83200000.0
28.04.2021,79867468.0,133583.0,3198949.0,6291467.0,83200000.0
29.04.2021,79842732.0,128799.0,3228469.0,6424738.0,83200000.0
30.04.2021,79818403.0,127604.0,3253993.0,6561549.0,83200000.0
01.05.2021,79799468.0,123575.0,3276957.0,6635364.0,83200000.0
02.05.2021,79783178.0,121853.0,3294969.0,6701050.0,83200000.0
03.05.2021,79774018.0,122205.0,3303777.0,6816109.0,83200000.0
04.05.2021,79766484.0,117614.0,3315902.0,6975204.0,83200000.0
05.05.2021,79748450.0,110471.0,3341079.0,7203987.0,83200000.0
06.05.2021,79726497.0,107400.0,3366103.0,7424324.0,83200000.0
07.05.2021,79708012.0,104503.0,3387485.0,7659100.0,83200000.0
08.05.2021,79692327.0,101067.0,3406606.0,7811760.0,83200000.0
09.05.2021,79679671.0,98660.0,3421669.0,7913357.0,83200000.0
10.05.2021,79672749.0,99027.0,3428224.0,8103603.0,83200000.0
11.05.2021,79666624.0,95971.0,3437405.0,8388944.0,83200000.0
12.05.2021,79651715.0,89680.0,3458605.0,8751287.0,83200000.0
13.05.2021,79634296.0,86164.0,3479540.0,8909721.0,83200000.0
14.05.2021,79622960.0,80293.0,3496747.0,9132850.0,83200000.0
15.05.2021,79615066.0,72616.0,3512318.0,9294342.0,83200000.0
16.05.2021,79606566.0,69072.0,3524362.0,9411295.0,83200000.0
17.05.2021,79601154.0,69144.0,3529702.0,9607843.0,83200000.0
18.05.2021,79596945.0,66101.0,3536954.0,9955425.0,83200000.0
19.05.2021,79585905.0,60549.0,3553546.0,10478805.0,83200000.0
20.05.2021,79573607.0,56558.0,3569835.0,10962047.0,83200000.0
21.05.2021,79564838.0,55987.0,3579175.0,11396672.0,83200000.0
22.05.2021,79557756.0,55570.0,3586674.0,11641601.0,83200000.0
23.05.2021,79551042.0,53637.0,3595321.0,11793220.0,83200000.0
24.05.2021,79548360.0,51993.0,3599647.0,11970199.0,83200000.0
25.05.2021,79546449.0,48591.0,3604960.0,12329251.0,83200000.0
26.05.2021,79543823.0,38922.0,3617255.0,12962320.0,83200000.0
27.05.2021,79537510.0,34116.0,3628374.0,13519668.0,83200000.0
28.05.2021,79530130.0,33098.0,3636772.0,13984928.0,83200000.0
29.05.2021,79524704.0,31150.0,3644146.0,14215987.0,83200000.0
30.05.2021,79520852.0,29237.0,3649911.0,14391054.0,83200000.0
31.05.2021,79518874.0,29229.0,3651897.0,14717737.0,83200000.0
01.06.2021,79517089.0,29248.0,3653663.0,15223020.0,83200000.0
02.06.2021,79512172.0,30602.0,3657226.0,15851562.0,83200000.0
03.06.2021,79507532.0,28331.0,3664137.0,16211520.0,83200000.0
04.06.2021,79504367.0,24682.0,3670951.0,16654944.0,83200000.0
05.06.2021,79502073.0,21834.0,3676093.0,16941176.0,83200000.0
06.06.2021,79499633.0,20555.0,3679812.0,17155942.0,83200000.0
07.06.2021,79498516.0,20201.0,3681283.0,17523093.0,83200000.0
08.06.2021,79497312.0,19062.0,3683626.0,18168748.0,83200000.0
09.06.2021,79494058.0,17269.0,3688673.0,19049767.0,83200000.0
10.06.2021,79490871.0,16014.0,3693115.0,19749125.0,83200000.0
11.06.2021,79488431.0,15496.0,3696073.0,20351474.0,83200000.0
12.06.2021,79486520.0,15181.0,3698299.0,20628258.0,83200000.0
13.06.2021,79485031.0,14383.0,3700586.0,20832696.0,83200000.0
14.06.2021,79484482.0,13790.0,3701728.0,21218637.0,83200000.0
15.06.2021,79483830.0,12890.0,3703280.0,21860431.0,83200000.0
16.06.2021,79482375.0,10992.0,3706633.0,22701854.0,83200000.0
17.06.2021,79481045.0,9644.0,3709311.0,23382199.0,83200000.0
18.06.2021,79479969.0,8564.0,3711467.0,23961235.0,83200000.0
19.06.2021,79478861.0,7772.0,3713367.0,24247886.0,83200000.0
20.06.2021,79478019.0,7301.0,3714680.0,24462227.0,83200000.0
21.06.2021,79477673.0,7127.0,3715200.0,24847760.0,83200000.0
22.06.2021,79477218.0,6665.0,3716117.0,25515456.0,83200000.0
23.06.2021,79476202.0,6010.0,3717788.0,26328370.0,83200000.0
24.06.2021,79475194.0,5474.0,3719332.0,26834803.0,83200000.0
25.06.2021,79474420.0,5153.0,3720427.0,27335062.0,83200000.0
26.06.2021,79473828.0,4924.0,3721248.0,27595044.0,83200000.0
27.06.2021,79473290.0,4715.0,3721995.0,27792964.0,83200000.0
28.06.2021,79473071.0,4667.0,3722262.0,28154351.0,83200000.0
29.06.2021,79472667.0,4468.0,3722865.0,28676261.0,83200000.0
30.06.2021,79471859.0,4314.0,3723827.0,29225814.0,83200000.0
01.07.2021,79470967.0,4258.0,3724775.0,29732262.0,83200000.0
02.07.2021,79470318.0,4156.0,3725526.0,30176224.0,83200000.0
03.07.2021,79469647.0,4095.0,3726258.0,30389191.0,83200000.0
04.07.2021,79469088.0,4167.0,3726745.0,30560517.0,83200000.0
05.07.2021,79468876.0,4170.0,3726954.0,30885190.0,83200000.0
06.07.2021,79468436.0,4088.0,3727476.0,31377055.0,83200000.0
07.07.2021,79467451.0,4228.0,3728321.0,32030643.0,83200000.0
08.07.2021,79466481.0,4357.0,3729162.0,32596450.0,83200000.0
09.07.2021,79465532.0,4597.0,3729871.0,33114320.0,83200000.0
10.07.2021,79464580.0,4860.0,3730560.0,33352538.0,83200000.0
11.07.2021,79463835.0,5175.0,3730990.0,33511350.0,83200000.0
12.07.2021,79463511.0,5284.0,3731205.0,33813874.0,83200000.0
13.07.2021,79462865.0,5399.0,3731736.0,34376816.0,83200000.0
14.07.2021,79461317.0,5926.0,3732757.0,35127795.0,83200000.0
15.07.2021,79459675.0,6676.0,3733649.0,35703983.0,83200000.0
16.07.2021,79458219.0,7178.0,3734603.0,36192851.0,83200000.0
17.07.2021,79456611.0,7834.0,3735555.0,36376012.0,83200000.0
18.07.2021,79455319.0,8344.0,3736337.0,36505266.0,83200000.0
19.07.2021,79454773.0,8588.0,3736639.0,36781805.0,83200000.0
20.07.2021,79453590.0,9042.0,3737368.0,37250322.0,83200000.0
21.07.2021,79451387.0,9502.0,3739111.0,37839066.0,83200000.0
22.07.2021,79449497.0,10140.0,3740363.0,38328123.0,83200000.0
23.07.2021,79447408.0,10957.0,3741635.0,38770332.0,83200000.0
24.07.2021,79445489.0,11342.0,3743169.0,38917447.0,83200000.0
25.07.2021,79444102.0,11463.0,3744435.0,39003913.0,83200000.0
26.07.2021,79443144.0,11925.0,3744931.0,39260585.0,83200000.0
27.07.2021,79441599.0,12043.0,3746358.0,39704784.0,83200000.0
28.07.2021,79438831.0,12462.0,3748707.0,40262302.0,83200000.0
29.07.2021,79435689.0,13340.0,3750971.0,40722704.0,83200000.0
30.07.2021,79433235.0,13733.0,3753032.0,41111554.0,83200000.0
31.07.2021,79430835.0,14043.0,3755122.0,41247065.0,83200000.0
01.08.2021,79428738.0,14558.0,3756704.0,41327423.0,83200000.0
02.08.2021,79427891.0,14767.0,3757342.0,41551646.0,83200000.0
03.08.2021,79426125.0,14875.0,3759000.0,41925212.0,83200000.0
04.08.2021,79422554.0,15373.0,3762073.0,42389851.0,83200000.0
05.08.2021,79419015.0,16105.0,3764880.0,42809912.0,83200000.0
06.08.2021,79415567.0,16928.0,3767505.0,43156389.0,83200000.0
07.08.2021,79412361.0,17637.0,3770002.0,43287669.0,83200000.0
08.08.2021,79409234.0,18801.0,3771965.0,43376083.0,83200000.0
09.08.2021,79408051.0,19195.0,3772754.0,43611007.0,83200000.0
10.08.2021,79405571.0,19580.0,3774849.0,43956833.0,83200000.0
11.08.2021,79400575.0,20855.0,3778570.0,44380943.0,83200000.0
12.08.2021,79394937.0,22956.0,3782107.0,44736159.0,83200000.0
13.08.2021,79389359.0,25033.0,3785608.0,45045931.0,83200000.0
14.08.2021,79383715.0,27161.0,3789124.0,45174382.0,83200000.0
15.08.2021,79378987.0,29099.0,3791914.0,45254039.0,83200000.0
16.08.2021,79376861.0,30082.0,3793057.0,45437526.0,83200000.0
17.08.2021,79372949.0,31110.0,3795941.0,45686601.0,83200000.0
18.08.2021,79364625.0,33921.0,3801454.0,45973451.0,83200000.0
19.08.2021,79356225.0,36748.0,3807027.0,46187524.0,83200000.0
20.08.2021,79346945.0,40608.0,3812447.0,46397885.0,83200000.0
21.08.2021,79338853.0,42878.0,3818269.0,46480669.0,83200000.0
22.08.2021,79331803.0,45326.0,3822871.0,46534575.0,83200000.0
23.08.2021,79328135.0,46939.0,3824926.0,46675758.0,83200000.0
24.08.2021,79322388.0,48266.0,3829346.0,46851924.0,83200000.0
25.08.2021,79310827.0,50954.0,3838219.0,47052842.0,83200000.0
26.08.2021,79298201.0,54856.0,3846943.0,47219797.0,83200000.0
27.08.2021,79286172.0,58451.0,3855377.0,47357923.0,83200000.0
28.08.2021,79275869.0,59990.0,3864141.0,47423855.0,83200000.0
29.08.2021,79267453.0,61604.0,3870943.0,47470921.0,83200000.0
30.08.2021,79262894.0,63051.0,3874055.0,47576338.0,83200000.0
31.08.2021,79257144.0,62225.0,3880631.0,47704931.0,83200000.0
01.09.2021,79243613.0,62920.0,3893467.0,47859641.0,83200000.0
02.09.2021,79229898.0,63942.0,3906160.0,47987596.0,83200000.0
03.09.2021,79215647.0,66687.0,3917666.0,48111788.0,83200000.0
04.09.2021,79204812.0,67089.0,3928099.0,48166595.0,83200000.0
05.09.2021,79194359.0,69111.0,3936530.0,48199488.0,83200000.0
06.09.2021,79189610.0,70063.0,3940327.0,48275347.0,83200000.0
07.09.2021,79182884.0,69701.0,3947415.0,48383270.0,83200000.0
08.09.2021,79169319.0,68735.0,3961946.0,48512339.0,83200000.0
09.09.2021,79153888.0,69457.0,3976655.0,48635949.0,83200000.0
10.09.2021,79140919.0,69672.0,3989409.0,48752423.0,83200000.0
11.09.2021,79129705.0,68832.0,4001463.0,48812762.0,83200000.0
12.09.2021,79122360.0,66653.0,4010987.0,48848994.0,83200000.0
13.09.2021,79116849.0,68108.0,4015043.0,48931313.0,83200000.0
14.09.2021,79110524.0,67437.0,4022039.0,49042443.0,83200000.0
15.09.2021,79098069.0,64763.0,4037168.0,49181017.0,83200000.0
16.09.2021,79085144.0,63444.0,4051412.0,49309136.0,83200000.0
17.09.2021,79074122.0,62095.0,4063783.0,49432673.0,83200000.0
18.09.2021,79065221.0,59846.0,4074933.0,49495597.0,83200000.0
19.09.2021,79057884.0,58610.0,4083506.0,49534887.0,83200000.0
20.09.2021,79054148.0,59052.0,4086800.0,49615535.0,83200000.0
21.09.2021,79049484.0,56922.0,4093594.0,49727793.0,83200000.0
22.09.2021,79039030.0,54024.0,4106946.0,49860178.0,83200000.0
23.09.2021,79028334.0,52511.0,4119155.0,49985051.0,83200000.0
24.09.2021,79018607.0,52002.0,4129391.0,50106656.0,83200000.0
25.09.2021,79011396.0,50359.0,4138245.0,50164812.0,83200000.0
26.09.2021,79003622.0,51077.0,4145301.0,50197601.0,83200000.0
27.09.2021,79000600.0,51308.0,4148092.0,50272025.0,83200000.0
28.09.2021,78996429.0,50123.0,4153448.0,50375494.0,83200000.0
29.09.2021,78984649.0,50711.0,4164640.0,50493979.0,83200000.0
30.09.2021,78972499.0,52416.0,4175085.0,50610352.0,83200000.0
01.10.2021,78962381.0,53437.0,4184182.0,50669898.0,83200000.0
02.10.2021,78953864.0,53586.0,4192550.0,50684913.0,83200000.0
03.10.2021,78947700.0,53366.0,4198934.0,50691648.0,83200000.0
04.10.2021,78944612.0,53808.0,4201580.0,50735191.0,83200000.0
05.10.2021,78939813.0,52897.0,4207290.0,50820057.0,83200000.0
06.10.2021,78928266.0,51829.0,4219905.0,50913180.0,83200000.0
07.10.2021,78916622.0,52090.0,4231288.0,51010125.0,83200000.0
08.10.2021,78906193.0,53045.0,4240762.0,51092238.0,83200000.0
09.10.2021,78897339.0,53511.0,4249150.0,51111692.0,83200000.0
10.10.2021,78889727.0,54943.0,4255330.0,51119693.0,83200000.0
11.10.2021,78886616.0,55335.0,4258049.0,51161555.0,83200000.0
12.10.2021,78881645.0,54702.0,4263653.0,51239331.0,83200000.0
13.10.2021,78869742.0,54415.0,4275843.0,51327093.0,83200000.0
14.10.2021,78857360.0,55730.0,4286910.0,51417217.0,83200000.0
15.10.2021,78845842.0,57086.0,4297072.0,51491718.0,83200000.0
16.10.2021,78834893.0,58840.0,4306267.0,51511350.0,83200000.0
17.10.2021,78826211.0,60491.0,4313298.0,51518931.0,83200000.0
18.10.2021,78822155.0,61904.0,4315941.0,51556038.0,83200000.0
19.10.2021,78815384.0,62475.0,4322141.0,51629483.0,83200000.0
20.10.2021,78798369.0,66879.0,4334752.0,51710508.0,83200000.0
21.10.2021,78782292.0,71162.0,4346546.0,51791531.0,83200000.0
22.10.2021,78762720.0,79090.0,4358190.0,51854672.0,83200000.0
23.10.2021,78747575.0,83141.0,4369284.0,51872461.0,83200000.0
24.10.2021,78733843.0,88373.0,4377784.0,51878363.0,83200000.0
25.10.2021,78727270.0,91522.0,4381208.0,51918020.0,83200000.0
26.10.2021,78716797.0,93953.0,4389250.0,51993554.0,83200000.0
27.10.2021,78693585.0,98144.0,4408271.0,52076100.0,83200000.0
28.10.2021,78665548.0,108277.0,4426175.0,52158487.0,83200000.0
29.10.2021,78640880.0,115712.0,4443408.0,52225121.0,83200000.0
30.10.2021,78619337.0,120628.0,4460035.0,52242252.0,83200000.0
31.10.2021,78602450.0,124198.0,4473352.0,52247495.0,83200000.0
01.11.2021,78592792.0,128687.0,4478521.0,52266401.0,83200000.0
02.11.2021,78581979.0,127779.0,4490242.0,52327491.0,83200000.0
03.11.2021,78561581.0,121912.0,4516507.0,52402163.0,83200000.0
04.11.2021,78527632.0,128496.0,4543872.0,52477439.0,83200000.0
05.11.2021,78490512.0,141283.0,4568205.0,52536222.0,83200000.0
06.11.2021,78456510.0,152760.0,4590730.0,52552171.0,83200000.0
07.11.2021,78432967.0,159212.0,4607821.0,52559799.0,83200000.0
08.11.2021,78417454.0,167213.0,4615333.0,52595228.0,83200000.0
09.11.2021,78395622.0,177668.0,4626710.0,52664177.0,83200000.0
10.11.2021,78355946.0,193021.0,4651033.0,52736021.0,83200000.0
11.11.2021,78305750.0,207148.0,4687102.0,52810378.0,83200000.0
12.11.2021,78257110.0,219272.0,4723618.0,52862954.0,83200000.0
13.11.2021,78212029.0,230637.0,4757334.0,52880194.0,83200000.0
14.11.2021,78178531.0,240287.0,4781182.0,52888741.0,83200000.0
15.11.2021,78154924.0,251939.0,4793137.0,52926275.0,83200000.0
16.11.2021,78122876.0,259798.0,4817326.0,52991194.0,83200000.0
17.11.2021,78070050.0,265649.0,4864301.0,53057437.0,83200000.0
18.11.2021,78004679.0,280161.0,4915160.0,53127694.0,83200000.0
19.11.2021,77951709.0,283277.0,4965014.0,53188302.0,83200000.0
20.11.2021,77887785.0,301174.0,5011041.0,53208771.0,83200000.0
21.11.2021,77845058.0,309897.0,5045045.0,53218295.0,83200000.0
22.11.2021,77814415.0,321424.0,5064161.0,53253879.0,83200000.0
23.11.2021,77769089.0,332493.0,5098418.0,53315686.0,83200000.0
24.11.2021,77702205.0,336363.0,5161432.0,53390439.0,83200000.0
25.11.2021,77626244.0,349034.0,5224722.0,53463984.0,83200000.0
26.11.2021,77549830.0,364415.0,5285755.0,53528346.0,83200000.0
27.11.2021,77482705.0,369428.0,5347867.0,53561840.0,83200000.0
28.11.2021,77438304.0,371430.0,5390266.0,53574866.0,83200000.0
29.11.2021,77408940.0,376194.0,5414866.0,53619456.0,83200000.0
30.11.2021,77363187.0,376046.0,5460767.0,53686229.0,83200000.0
01.12.2021,77296001.0,368273.0,5535726.0,53762909.0,83200000.0
02.12.2021,77222792.0,365222.0,5611986.0,53843471.0,83200000.0
03.12.2021,77148440.0,367597.0,5683963.0,53912383.0,83200000.0
04.12.2021,77083930.0,368123.0,5747947.0,53952361.0,83200000.0
05.12.2021,77041875.0,365229.0,5792896.0,53966417.0,83200000.0
06.12.2021,77014039.0,367432.0,5818529.0,54010174.0,83200000.0
07.12.2021,76977980.0,359429.0,5862591.0,54082308.0,83200000.0
08.12.2021,76908379.0,355037.0,5936584.0,54162023.0,83200000.0
09.12.2021,76837768.0,351148.0,6011084.0,54247526.0,83200000.0
10.12.2021,76776480.0,344015.0,6079505.0,54328566.0,83200000.0
11.12.2021,76722783.0,335065.0,6142152.0,54380232.0,83200000.0
12.12.2021,76690137.0,325063.0,6184800.0,54397350.0,83200000.0
13.12.2021,76668394.0,323602.0,6208004.0,54450805.0,83200000.0
14.12.2021,76637571.0,311795.0,6250634.0,54536685.0,83200000.0
15.12.2021,76586270.0,293559.0,6320171.0,54660191.0,83200000.0
16.12.2021,76529593.0,282832.0,6387575.0,54781165.0,83200000.0
17.12.2021,76478625.0,275912.0,6445463.0,54896454.0,83200000.0
18.12.2021,76435812.0,267564.0,6496624.0,54964202.0,83200000.0
19.12.2021,76406464.0,262272.0,6531264.0,54989064.0,83200000.0
20.12.2021,76390378.0,262810.0,6546812.0,55077182.0,83200000.0
21.12.2021,76366950.0,254773.0,6578277.0,55196668.0,83200000.0
22.12.2021,76321291.0,240357.0,6638352.0,55312871.0,83200000.0
23.12.2021,76276364.0,233114.0,6690522.0,55397134.0,83200000.0
24.12.2021,76240933.0,221067.0,6738000.0,55406598.0,83200000.0
25.12.2021,76218719.0,202000.0,6779281.0,55408996.0,83200000.0
26.12.2021,76208619.0,183483.0,6807898.0,55415124.0,83200000.0
27.12.2021,76194711.0,185153.0,6820136.0,55476684.0,83200000.0
28.12.2021,76173631.0,179258.0,6847111.0,55551402.0,83200000.0
29.12.2021,76133588.0,170877.0,6895535.0,55622458.0,83200000.0
30.12.2021,76090818.0,172475.0,6936707.0,55682591.0,83200000.0
31.12.2021,76049578.0,178665.0,6971757.0,55696967.0,83200000.0
01.01.2022,76023186.0,183157.0,6993657.0,55699823.0,83200000.0
02.01.2022,76010671.0,185220.0,7004109.0,55713639.0,83200000.0
03.01.2022,75992153.0,193262.0,7014585.0,55773531.0,83200000.0
04.01.2022,75961592.0,199463.0,7038945.0,55867123.0,83200000.0
05.01.2022,75902680.0,215078.0,7082242.0,55977982.0,83200000.0
06.01.2022,75838340.0,237773.0,7123887.0,56068562.0,83200000.0
07.01.2022,75782005.0,252324.0,7165671.0,56183360.0,83200000.0
08.01.2022,75726116.0,279308.0,7194576.0,56264027.0,83200000.0
09.01.2022,75689564.0,301638.0,7208798.0,56298113.0,83200000.0
10.01.2022,75664309.0,312423.0,7223268.0,56380324.0,83200000.0
11.01.2022,75618619.0,322574.0,7258807.0,56498459.0,83200000.0
12.01.2022,75538189.0,338827.0,7322984.0,56630535.0,83200000.0
13.01.2022,75456772.0,355620.0,7387608.0,56754513.0,83200000.0
14.01.2022,75364549.0,391295.0,7444156.0,56866476.0,83200000.0
15.01.2022,75286527.0,413350.0,7500123.0,56935960.0,83200000.0
16.01.2022,75234023.0,428850.0,7537127.0,56958677.0,83200000.0
17.01.2022,75199878.0,439243.0,7560879.0,57030901.0,83200000.0
18.01.2022,75125473.0,460049.0,7614478.0,57126167.0,83200000.0
19.01.2022,75013150.0,485995.0,7700855.0,57228968.0,83200000.0
20.01.2022,74879614.0,531169.0,7789217.0,57332174.0,83200000.0
21.01.2022,74739454.0,587322.0,7873224.0,57422220.0,83200000.0
22.01.2022,74603993.0,642504.0,7953503.0,57476344.0,83200000.0
23.01.2022,74518553.0,670921.0,8010526.0,57501744.0,83200000.0
24.01.2022,74455160.0,698744.0,8046096.0,57562930.0,83200000.0
25.01.2022,74328205.0,743684.0,8128111.0,57645455.0,83200000.0
26.01.2022,74164205.0,782173.0,8253622.0,57727734.0,83200000.0
27.01.2022,73961069.0,846025.0,8392906.0,57819276.0,83200000.0
28.01.2022,73770921.0,892289.0,8536790.0,57898219.0,83200000.0
29.01.2022,73581755.0,937730.0,8680515.0,57949290.0,83200000.0
30.01.2022,73462785.0,961938.0,8775277.0,57969647.0,83200000.0
31.01.2022,73384467.0,978563.0,8836970.0,58015927.0,83200000.0
01.02.2022,73221854.0,1003032.0,8975114.0,58071171.0,83200000.0
02.02.2022,73013356.0,1020757.0,9165887.0,58139035.0,83200000.0
03.02.2022,72777236.0,1067031.0,9355733.0,58205132.0,83200000.0
04.02.2022,72528398.0,1122185.0,9549417.0,58273065.0,83200000.0
05.02.2022,72310583.0,1154162.0,9735255.0,58323806.0,83200000.0
06.02.2022,72177410.0,1164798.0,9857792.0,58341954.0,83200000.0
07.02.2022,72082143.0,1185798.0,9932059.0,58381275.0,83200000.0
08.02.2022,71912572.0,1198262.0,10089166.0,58439721.0,83200000.0
09.02.2022,71678322.0,1206392.0,10315286.0,58499562.0,83200000.0
10.02.2022,71430460.0,1218539.0,10551001.0,58558130.0,83200000.0
11.02.2022,71190288.0,1224208.0,10785504.0,58616415.0,83200000.0
12.02.2022,70980499.0,1225974.0,10993527.0,58653529.0,83200000.0
13.02.2022,70855339.0,1219506.0,11125155.0,58665130.0,83200000.0
14.02.2022,70778874.0,1213903.0,11207223.0,58695015.0,83200000.0
15.02.2022,70619657.0,1195380.0,11384963.0,58741575.0,83200000.0
16.02.2022,70399685.0,1164984.0,11635331.0,58785577.0,83200000.0
17.02.2022,70164059.0,1151795.0,11884146.0,58831819.0,83200000.0
18.02.2022,69944011.0,1140629.0,12115360.0,58880142.0,83200000.0
19.02.2022,69754906.0,1122901.0,12322193.0,58908077.0,83200000.0
20.02.2022,69636874.0,1119512.0,12443614.0,58917601.0,83200000.0
21.02.2022,69563007.0,1119949.0,12517044.0,58946295.0,83200000.0
22.02.2022,69437105.0,1086697.0,12676198.0,58984954.0,83200000.0
23.02.2022,69228053.0,1063436.0,12908511.0,59021730.0,83200000.0
24.02.2022,69011731.0,1051873.0,13136396.0,59060368.0,83200000.0
25.02.2022,68800988.0,1047326.0,13351686.0,59094797.0,83200000.0
26.02.2022,68625155.0,1042222.0,13532623.0,59113460.0,83200000.0
27.02.2022,68517242.0,1031374.0,13651384.0,59118599.0,83200000.0
28.02.2022,68454893.0,1029620.0,13715487.0,59137230.0,83200000.0
01.03.2022,68332782.0,1008683.0,13858535.0,59162095.0,83200000.0
02.03.2022,68146376.0,974520.0,14079104.0,59186707.0,83200000.0
03.03.2022,67935703.0,976356.0,14287941.0,59217006.0,83200000.0
04.03.2022,67718110.0,994873.0,14487017.0,59242605.0,83200000.0
05.03.2022,67525900.0,1015181.0,14658919.0,59254501.0,83200000.0
06.03.2022,67409011.0,1023719.0,14767270.0,59258842.0,83200000.0
07.03.2022,67330583.0,1047071.0,14822346.0,59273149.0,83200000.0
08.03.2022,67173784.0,1075716.0,14950500.0,59294321.0,83200000.0
09.03.2022,66957930.0,1096839.0,15145231.0,59313859.0,83200000.0
10.03.2022,66695178.0,1154620.0,15350202.0,59335127.0,83200000.0
11.03.2022,66442342.0,1196622.0,15561036.0,59356214.0,83200000.0
12.03.2022,66205256.0,1243970.0,15750774.0,59365495.0,83200000.0
13.03.2022,66058649.0,1269628.0,15871723.0,59368516.0,83200000.0
14.03.2022,65966271.0,1283100.0,15950629.0,59378189.0,83200000.0
15.03.2022,65767383.0,1318326.0,16114291.0,59394373.0,83200000.0
16.03.2022,65504790.0,1336354.0,16358856.0,59408569.0,83200000.0
17.03.2022,65209859.0,1373214.0,16616927.0,59423495.0,83200000.0
18.03.2022,64912014.0,1418896.0,16869090.0,59437349.0,83200000.0
19.03.2022,64651775.0,1442720.0,17105505.0,59444083.0,83200000.0
20.03.2022,64519983.0,1420878.0,17259139.0,59447244.0,83200000.0
21.03.2022,64427669.0,1425414.0,17346917.0,59456231.0,83200000.0
22.03.2022,64205589.0,1441383.0,17553028.0,59470453.0,83200000.0
23.03.2022,63921857.0,1442116.0,17836027.0,59484126.0,83200000.0
24.03.2022,63603470.0,1456888.0,18139642.0,59497852.0,83200000.0
25.03.2022,63306972.0,1460560.0,18432468.0,59511538.0,83200000.0
26.03.2022,63054946.0,1462161.0,18682893.0,59518614.0,83200000.0
27.03.2022,62943722.0,1433456.0,18822822.0,59521433.0,83200000.0
28.03.2022,62876221.0,1414160.0,18909619.0,59530022.0,83200000.0
29.03.2022,62638869.0,1416364.0,19144767.0,59541484.0,83200000.0
30.03.2022,62370392.0,1382845.0,19446763.0,59552705.0,83200000.0
31.03.2022,62095491.0,1351313.0,19753196.0,59565405.0,83200000.0
01.04.2022,61842961.0,1319198.0,20037841.0,59574753.0,83200000.0
02.04.2022,61646505.0,1273538.0,20279957.0,59579026.0,83200000.0
03.04.2022,61572452.0,1212354.0,20415194.0,59580560.0,83200000.0
04.04.2022,61531323.0,1184629.0,20484048.0,59585566.0,83200000.0
05.04.2022,61350926.0,1159210.0,20689864.0,59594128.0,83200000.0
06.04.2022,61135941.0,1099457.0,20964602.0,59606173.0,83200000.0
07.04.2022,60934212.0,1040481.0,21225307.0,59615114.0,83200000.0
08.04.2022,60758949.0,982220.0,21458831.0,59623432.0,83200000.0
09.04.2022,60608274.0,949500.0,21642226.0,59627259.0,83200000.0
10.04.2022,60552803.0,912992.0,21734205.0,59628513.0,83200000.0
11.04.2022,60522014.0,898086.0,21779900.0,59632745.0,83200000.0
